qid,quantile,value,DOA,created_time,published_time,resolve_time,target_end_date,location_name
9324,0.01,10.949217432389585,2022-01-24,2022-01-11T15:38:38.293426Z,2022-01-12T16:00:00Z,2022-01-24T17:00:00Z,2022-01-22,New York
9324,0.025,14.65815444790556,2022-01-24,2022-01-11T15:38:38.293426Z,2022-01-12T16:00:00Z,2022-01-24T17:00:00Z,2022-01-22,New York
9324,0.05,18.43646360645487,2022-01-24,2022-01-11T15:38:38.293426Z,2022-01-12T16:00:00Z,2022-01-24T17:00:00Z,2022-01-22,New York
9324,0.1,24.034538301376745,2022-01-24,2022-01-11T15:38:38.293426Z,2022-01-12T16:00:00Z,2022-01-24T17:00:00Z,2022-01-22,New York
9324,0.15,28.367664311196233,2022-01-24,2022-01-11T15:38:38.293426Z,2022-01-12T16:00:00Z,2022-01-24T17:00:00Z,2022-01-22,New York
9324,0.2,32.07012738015721,2022-01-24,2022-01-11T15:38:38.293426Z,2022-01-12T16:00:00Z,2022-01-24T17:00:00Z,2022-01-22,New York
9324,0.25,35.43573372505168,2022-01-24,2022-01-11T15:38:38.293426Z,2022-01-12T16:00:00Z,2022-01-24T17:00:00Z,2022-01-22,New York
9324,0.3,38.62439153651221,2022-01-24,2022-01-11T15:38:38.293426Z,2022-01-12T16:00:00Z,2022-01-24T17:00:00Z,2022-01-22,New York
9324,0.35,41.75725026172947,2022-01-24,2022-01-11T15:38:38.293426Z,2022-01-12T16:00:00Z,2022-01-24T17:00:00Z,2022-01-22,New York
9324,0.4,44.92606031046467,2022-01-24,2022-01-11T15:38:38.293426Z,2022-01-12T16:00:00Z,2022-01-24T17:00:00Z,2022-01-22,New York
9324,0.45,48.215899566067534,2022-01-24,2022-01-11T15:38:38.293426Z,2022-01-12T16:00:00Z,2022-01-24T17:00:00Z,2022-01-22,New York
9324,0.5,51.7052843200192,2022-01-24,2022-01-11T15:38:38.293426Z,2022-01-12T16:00:00Z,2022-01-24T17:00:00Z,2022-01-22,New York
9324,0.55,55.48760427825355,2022-01-24,2022-01-11T15:38:38.293426Z,2022-01-12T16:00:00Z,2022-01-24T17:00:00Z,2022-01-22,New York
9324,0.6,59.69130645380554,2022-01-24,2022-01-11T15:38:38.293426Z,2022-01-12T16:00:00Z,2022-01-24T17:00:00Z,2022-01-22,New York
9324,0.65,64.50706422839129,2022-01-24,2022-01-11T15:38:38.293426Z,2022-01-12T16:00:00Z,2022-01-24T17:00:00Z,2022-01-22,New York
9324,0.7,70.24025120465853,2022-01-24,2022-01-11T15:38:38.293426Z,2022-01-12T16:00:00Z,2022-01-24T17:00:00Z,2022-01-22,New York
9324,0.75,77.38107261894758,2022-01-24,2022-01-11T15:38:38.293426Z,2022-01-12T16:00:00Z,2022-01-24T17:00:00Z,2022-01-22,New York
9324,0.8,86.88553138545944,2022-01-24,2022-01-11T15:38:38.293426Z,2022-01-12T16:00:00Z,2022-01-24T17:00:00Z,2022-01-22,New York
9324,0.85,100.7995803818027,2022-01-24,2022-01-11T15:38:38.293426Z,2022-01-12T16:00:00Z,2022-01-24T17:00:00Z,2022-01-22,New York
9324,0.9,125.18992735071168,2022-01-24,2022-01-11T15:38:38.293426Z,2022-01-12T16:00:00Z,2022-01-24T17:00:00Z,2022-01-22,New York
9324,0.95,192.72348124526272,2022-01-24,2022-01-11T15:38:38.293426Z,2022-01-12T16:00:00Z,2022-01-24T17:00:00Z,2022-01-22,New York
9324,0.975,337.57351243004393,2022-01-24,2022-01-11T15:38:38.293426Z,2022-01-12T16:00:00Z,2022-01-24T17:00:00Z,2022-01-22,New York
9324,0.99,717.5167984051076,2022-01-24,2022-01-11T15:38:38.293426Z,2022-01-12T16:00:00Z,2022-01-24T17:00:00Z,2022-01-22,New York
9325,0.01,8.75896312563654,2022-01-24,2022-01-11T18:37:40.088100Z,2022-01-12T16:00:00Z,2022-02-07T17:00:00Z,2022-02-05,New York
9325,0.025,13.543319928386087,2022-01-24,2022-01-11T18:37:40.088100Z,2022-01-12T16:00:00Z,2022-02-07T17:00:00Z,2022-02-05,New York
9325,0.05,18.95441931063073,2022-01-24,2022-01-11T18:37:40.088100Z,2022-01-12T16:00:00Z,2022-02-07T17:00:00Z,2022-02-05,New York
9325,0.1,26.86430785059199,2022-01-24,2022-01-11T18:37:40.088100Z,2022-01-12T16:00:00Z,2022-02-07T17:00:00Z,2022-02-05,New York
9325,0.15,33.2467797090901,2022-01-24,2022-01-11T18:37:40.088100Z,2022-01-12T16:00:00Z,2022-02-07T17:00:00Z,2022-02-05,New York
9325,0.2,38.989616823975574,2022-01-24,2022-01-11T18:37:40.088100Z,2022-01-12T16:00:00Z,2022-02-07T17:00:00Z,2022-02-05,New York
9325,0.25,44.43728730884797,2022-01-24,2022-01-11T18:37:40.088100Z,2022-01-12T16:00:00Z,2022-02-07T17:00:00Z,2022-02-05,New York
9325,0.3,49.789198014062265,2022-01-24,2022-01-11T18:37:40.088100Z,2022-01-12T16:00:00Z,2022-02-07T17:00:00Z,2022-02-05,New York
9325,0.35,55.1506656372433,2022-01-24,2022-01-11T18:37:40.088100Z,2022-01-12T16:00:00Z,2022-02-07T17:00:00Z,2022-02-05,New York
9325,0.4,60.62911353551884,2022-01-24,2022-01-11T18:37:40.088100Z,2022-01-12T16:00:00Z,2022-02-07T17:00:00Z,2022-02-05,New York
9325,0.45,66.32071576731491,2022-01-24,2022-01-11T18:37:40.088100Z,2022-01-12T16:00:00Z,2022-02-07T17:00:00Z,2022-02-05,New York
9325,0.5,72.3393770199677,2022-01-24,2022-01-11T18:37:40.088100Z,2022-01-12T16:00:00Z,2022-02-07T17:00:00Z,2022-02-05,New York
9325,0.55,78.8274528856937,2022-01-24,2022-01-11T18:37:40.088100Z,2022-01-12T16:00:00Z,2022-02-07T17:00:00Z,2022-02-05,New York
9325,0.6,85.98726745475024,2022-01-24,2022-01-11T18:37:40.088100Z,2022-01-12T16:00:00Z,2022-02-07T17:00:00Z,2022-02-05,New York
9325,0.65,94.1213581739068,2022-01-24,2022-01-11T18:37:40.088100Z,2022-01-12T16:00:00Z,2022-02-07T17:00:00Z,2022-02-05,New York
9325,0.7,103.69690626411327,2022-01-24,2022-01-11T18:37:40.088100Z,2022-01-12T16:00:00Z,2022-02-07T17:00:00Z,2022-02-05,New York
9325,0.75,115.53789662816126,2022-01-24,2022-01-11T18:37:40.088100Z,2022-01-12T16:00:00Z,2022-02-07T17:00:00Z,2022-02-05,New York
9325,0.8,131.42519722985577,2022-01-24,2022-01-11T18:37:40.088100Z,2022-01-12T16:00:00Z,2022-02-07T17:00:00Z,2022-02-05,New York
9325,0.85,155.4549232099136,2022-01-24,2022-01-11T18:37:40.088100Z,2022-01-12T16:00:00Z,2022-02-07T17:00:00Z,2022-02-05,New York
9325,0.9,199.02222026404263,2022-01-24,2022-01-11T18:37:40.088100Z,2022-01-12T16:00:00Z,2022-02-07T17:00:00Z,2022-02-05,New York
9325,0.95,310.1260015159767,2022-01-24,2022-01-11T18:37:40.088100Z,2022-01-12T16:00:00Z,2022-02-07T17:00:00Z,2022-02-05,New York
9325,0.975,481.2442890895375,2022-01-24,2022-01-11T18:37:40.088100Z,2022-01-12T16:00:00Z,2022-02-07T17:00:00Z,2022-02-05,New York
9325,0.99,795.8525789257797,2022-01-24,2022-01-11T18:37:40.088100Z,2022-01-12T16:00:00Z,2022-02-07T17:00:00Z,2022-02-05,New York
9326,0.01,5.832639815479235,2022-01-24,2022-01-11T18:40:02.388691Z,2022-01-12T16:00:00Z,2022-02-20T17:00:00Z,2022-02-19,New York
9326,0.025,8.664720635123478,2022-01-24,2022-01-11T18:40:02.388691Z,2022-01-12T16:00:00Z,2022-02-20T17:00:00Z,2022-02-19,New York
9326,0.05,12.741164438261638,2022-01-24,2022-01-11T18:40:02.388691Z,2022-01-12T16:00:00Z,2022-02-20T17:00:00Z,2022-02-19,New York
9326,0.1,19.880067629002404,2022-01-24,2022-01-11T18:40:02.388691Z,2022-01-12T16:00:00Z,2022-02-20T17:00:00Z,2022-02-19,New York
9326,0.15,26.561937026942953,2022-01-24,2022-01-11T18:40:02.388691Z,2022-01-12T16:00:00Z,2022-02-20T17:00:00Z,2022-02-19,New York
9326,0.2,33.081214233770744,2022-01-24,2022-01-11T18:40:02.388691Z,2022-01-12T16:00:00Z,2022-02-20T17:00:00Z,2022-02-19,New York
9326,0.25,39.639468785197174,2022-01-24,2022-01-11T18:40:02.388691Z,2022-01-12T16:00:00Z,2022-02-20T17:00:00Z,2022-02-19,New York
9326,0.3,46.35571566833754,2022-01-24,2022-01-11T18:40:02.388691Z,2022-01-12T16:00:00Z,2022-02-20T17:00:00Z,2022-02-19,New York
9326,0.35,53.150141904329466,2022-01-24,2022-01-11T18:40:02.388691Z,2022-01-12T16:00:00Z,2022-02-20T17:00:00Z,2022-02-19,New York
9326,0.4,59.574781546942766,2022-01-24,2022-01-11T18:40:02.388691Z,2022-01-12T16:00:00Z,2022-02-20T17:00:00Z,2022-02-19,New York
9326,0.45,65.63386555492755,2022-01-24,2022-01-11T18:40:02.388691Z,2022-01-12T16:00:00Z,2022-02-20T17:00:00Z,2022-02-19,New York
9326,0.5,72.10392763477068,2022-01-24,2022-01-11T18:40:02.388691Z,2022-01-12T16:00:00Z,2022-02-20T17:00:00Z,2022-02-19,New York
9326,0.55,79.37963058452254,2022-01-24,2022-01-11T18:40:02.388691Z,2022-01-12T16:00:00Z,2022-02-20T17:00:00Z,2022-02-19,New York
9326,0.6,87.84849026214904,2022-01-24,2022-01-11T18:40:02.388691Z,2022-01-12T16:00:00Z,2022-02-20T17:00:00Z,2022-02-19,New York
9326,0.65,98.0547977555126,2022-01-24,2022-01-11T18:40:02.388691Z,2022-01-12T16:00:00Z,2022-02-20T17:00:00Z,2022-02-19,New York
9326,0.7,110.9030437711799,2022-01-24,2022-01-11T18:40:02.388691Z,2022-01-12T16:00:00Z,2022-02-20T17:00:00Z,2022-02-19,New York
9326,0.75,128.09867665666184,2022-01-24,2022-01-11T18:40:02.388691Z,2022-01-12T16:00:00Z,2022-02-20T17:00:00Z,2022-02-19,New York
9326,0.8,152.85133123617663,2022-01-24,2022-01-11T18:40:02.388691Z,2022-01-12T16:00:00Z,2022-02-20T17:00:00Z,2022-02-19,New York
9326,0.85,191.95314436134723,2022-01-24,2022-01-11T18:40:02.388691Z,2022-01-12T16:00:00Z,2022-02-20T17:00:00Z,2022-02-19,New York
9326,0.9,263.3585726454022,2022-01-24,2022-01-11T18:40:02.388691Z,2022-01-12T16:00:00Z,2022-02-20T17:00:00Z,2022-02-19,New York
9326,0.95,439.9148507959723,2022-01-24,2022-01-11T18:40:02.388691Z,2022-01-12T16:00:00Z,2022-02-20T17:00:00Z,2022-02-19,New York
9326,0.975,684.7261680278432,2022-01-24,2022-01-11T18:40:02.388691Z,2022-01-12T16:00:00Z,2022-02-20T17:00:00Z,2022-02-19,New York
9326,0.99,1045.20282652896,2022-01-24,2022-01-11T18:40:02.388691Z,2022-01-12T16:00:00Z,2022-02-20T17:00:00Z,2022-02-19,New York
9328,0.01,22.615351187656632,2022-01-24,2022-01-11T19:15:02.548419Z,2022-01-12T16:00:00Z,2022-01-23T23:00:00Z,2022-01-22,Florida
9328,0.025,29.991886335856208,2022-01-24,2022-01-11T19:15:02.548419Z,2022-01-12T16:00:00Z,2022-01-23T23:00:00Z,2022-01-22,Florida
9328,0.05,39.73844133859155,2022-01-24,2022-01-11T19:15:02.548419Z,2022-01-12T16:00:00Z,2022-01-23T23:00:00Z,2022-01-22,Florida
9328,0.1,53.1325779004689,2022-01-24,2022-01-11T19:15:02.548419Z,2022-01-12T16:00:00Z,2022-01-23T23:00:00Z,2022-01-22,Florida
9328,0.15,62.77425216653582,2022-01-24,2022-01-11T19:15:02.548419Z,2022-01-12T16:00:00Z,2022-01-23T23:00:00Z,2022-01-22,Florida
9328,0.2,70.64755180801401,2022-01-24,2022-01-11T19:15:02.548419Z,2022-01-12T16:00:00Z,2022-01-23T23:00:00Z,2022-01-22,Florida
9328,0.25,77.42332657149558,2022-01-24,2022-01-11T19:15:02.548419Z,2022-01-12T16:00:00Z,2022-01-23T23:00:00Z,2022-01-22,Florida
9328,0.3,83.40791884753193,2022-01-24,2022-01-11T19:15:02.548419Z,2022-01-12T16:00:00Z,2022-01-23T23:00:00Z,2022-01-22,Florida
9328,0.35,88.88702518478345,2022-01-24,2022-01-11T19:15:02.548419Z,2022-01-12T16:00:00Z,2022-01-23T23:00:00Z,2022-01-22,Florida
9328,0.4,94.23391026708302,2022-01-24,2022-01-11T19:15:02.548419Z,2022-01-12T16:00:00Z,2022-01-23T23:00:00Z,2022-01-22,Florida
9328,0.45,99.67733389362017,2022-01-24,2022-01-11T19:15:02.548419Z,2022-01-12T16:00:00Z,2022-01-23T23:00:00Z,2022-01-22,Florida
9328,0.5,105.33522314755112,2022-01-24,2022-01-11T19:15:02.548419Z,2022-01-12T16:00:00Z,2022-01-23T23:00:00Z,2022-01-22,Florida
9328,0.55,111.3222810876358,2022-01-24,2022-01-11T19:15:02.548419Z,2022-01-12T16:00:00Z,2022-01-23T23:00:00Z,2022-01-22,Florida
9328,0.6,117.77638862452855,2022-01-24,2022-01-11T19:15:02.548419Z,2022-01-12T16:00:00Z,2022-01-23T23:00:00Z,2022-01-22,Florida
9328,0.65,124.88955821884586,2022-01-24,2022-01-11T19:15:02.548419Z,2022-01-12T16:00:00Z,2022-01-23T23:00:00Z,2022-01-22,Florida
9328,0.7,132.95651888445434,2022-01-24,2022-01-11T19:15:02.548419Z,2022-01-12T16:00:00Z,2022-01-23T23:00:00Z,2022-01-22,Florida
9328,0.75,142.4382701474326,2022-01-24,2022-01-11T19:15:02.548419Z,2022-01-12T16:00:00Z,2022-01-23T23:00:00Z,2022-01-22,Florida
9328,0.8,154.14137852239136,2022-01-24,2022-01-11T19:15:02.548419Z,2022-01-12T16:00:00Z,2022-01-23T23:00:00Z,2022-01-22,Florida
9328,0.85,169.53141543383035,2022-01-24,2022-01-11T19:15:02.548419Z,2022-01-12T16:00:00Z,2022-01-23T23:00:00Z,2022-01-22,Florida
9328,0.9,192.2810011622791,2022-01-24,2022-01-11T19:15:02.548419Z,2022-01-12T16:00:00Z,2022-01-23T23:00:00Z,2022-01-22,Florida
9328,0.95,239.3155004847493,2022-01-24,2022-01-11T19:15:02.548419Z,2022-01-12T16:00:00Z,2022-01-23T23:00:00Z,2022-01-22,Florida
9328,0.975,304.80520530066264,2022-01-24,2022-01-11T19:15:02.548419Z,2022-01-12T16:00:00Z,2022-01-23T23:00:00Z,2022-01-22,Florida
9328,0.99,438.90780344243535,2022-01-24,2022-01-11T19:15:02.548419Z,2022-01-12T16:00:00Z,2022-01-23T23:00:00Z,2022-01-22,Florida
9329,0.01,21.422974510302677,2022-01-24,2022-01-11T19:15:15.261692Z,2022-01-12T16:00:00Z,2022-02-06T23:00:00Z,2022-02-05,Florida
9329,0.025,30.810106636907516,2022-01-24,2022-01-11T19:15:15.261692Z,2022-01-12T16:00:00Z,2022-02-06T23:00:00Z,2022-02-05,Florida
9329,0.05,40.347003031651674,2022-01-24,2022-01-11T19:15:15.261692Z,2022-01-12T16:00:00Z,2022-02-06T23:00:00Z,2022-02-05,Florida
9329,0.1,53.07239819773855,2022-01-24,2022-01-11T19:15:15.261692Z,2022-01-12T16:00:00Z,2022-02-06T23:00:00Z,2022-02-05,Florida
9329,0.15,62.77059373650753,2022-01-24,2022-01-11T19:15:15.261692Z,2022-01-12T16:00:00Z,2022-02-06T23:00:00Z,2022-02-05,Florida
9329,0.2,71.14558667495142,2022-01-24,2022-01-11T19:15:15.261692Z,2022-01-12T16:00:00Z,2022-02-06T23:00:00Z,2022-02-05,Florida
9329,0.25,78.83781306628686,2022-01-24,2022-01-11T19:15:15.261692Z,2022-01-12T16:00:00Z,2022-02-06T23:00:00Z,2022-02-05,Florida
9329,0.3,86.15334293237366,2022-01-24,2022-01-11T19:15:15.261692Z,2022-01-12T16:00:00Z,2022-02-06T23:00:00Z,2022-02-05,Florida
9329,0.35,93.31568139687248,2022-01-24,2022-01-11T19:15:15.261692Z,2022-01-12T16:00:00Z,2022-02-06T23:00:00Z,2022-02-05,Florida
9329,0.4,100.50643566960453,2022-01-24,2022-01-11T19:15:15.261692Z,2022-01-12T16:00:00Z,2022-02-06T23:00:00Z,2022-02-05,Florida
9329,0.45,107.8413647060928,2022-01-24,2022-01-11T19:15:15.261692Z,2022-01-12T16:00:00Z,2022-02-06T23:00:00Z,2022-02-05,Florida
9329,0.5,115.4741253469069,2022-01-24,2022-01-11T19:15:15.261692Z,2022-01-12T16:00:00Z,2022-02-06T23:00:00Z,2022-02-05,Florida
9329,0.55,123.55094209406994,2022-01-24,2022-01-11T19:15:15.261692Z,2022-01-12T16:00:00Z,2022-02-06T23:00:00Z,2022-02-05,Florida
9329,0.6,132.27537673223776,2022-01-24,2022-01-11T19:15:15.261692Z,2022-01-12T16:00:00Z,2022-02-06T23:00:00Z,2022-02-05,Florida
9329,0.65,141.92511576518874,2022-01-24,2022-01-11T19:15:15.261692Z,2022-01-12T16:00:00Z,2022-02-06T23:00:00Z,2022-02-05,Florida
9329,0.7,152.91070742864957,2022-01-24,2022-01-11T19:15:15.261692Z,2022-01-12T16:00:00Z,2022-02-06T23:00:00Z,2022-02-05,Florida
9329,0.75,166.01352050058884,2022-01-24,2022-01-11T19:15:15.261692Z,2022-01-12T16:00:00Z,2022-02-06T23:00:00Z,2022-02-05,Florida
9329,0.8,182.62430862840978,2022-01-24,2022-01-11T19:15:15.261692Z,2022-01-12T16:00:00Z,2022-02-06T23:00:00Z,2022-02-05,Florida
9329,0.85,205.6979995533799,2022-01-24,2022-01-11T19:15:15.261692Z,2022-01-12T16:00:00Z,2022-02-06T23:00:00Z,2022-02-05,Florida
9329,0.9,242.52377565271587,2022-01-24,2022-01-11T19:15:15.261692Z,2022-01-12T16:00:00Z,2022-02-06T23:00:00Z,2022-02-05,Florida
9329,0.95,320.3926941462134,2022-01-24,2022-01-11T19:15:15.261692Z,2022-01-12T16:00:00Z,2022-02-06T23:00:00Z,2022-02-05,Florida
9329,0.975,423.9069292999237,2022-01-24,2022-01-11T19:15:15.261692Z,2022-01-12T16:00:00Z,2022-02-06T23:00:00Z,2022-02-05,Florida
9329,0.99,618.7507202738075,2022-01-24,2022-01-11T19:15:15.261692Z,2022-01-12T16:00:00Z,2022-02-06T23:00:00Z,2022-02-05,Florida
9330,0.01,15.660938261892937,2022-01-24,2022-01-11T19:16:34.924628Z,2022-01-12T16:00:00Z,2022-02-20T23:00:00Z,2022-02-19,Florida
9330,0.025,23.971053017843097,2022-01-24,2022-01-11T19:16:34.924628Z,2022-01-12T16:00:00Z,2022-02-20T23:00:00Z,2022-02-19,Florida
9330,0.05,33.40589734405396,2022-01-24,2022-01-11T19:16:34.924628Z,2022-01-12T16:00:00Z,2022-02-20T23:00:00Z,2022-02-19,Florida
9330,0.1,47.10399738922275,2022-01-24,2022-01-11T19:16:34.924628Z,2022-01-12T16:00:00Z,2022-02-20T23:00:00Z,2022-02-19,Florida
9330,0.15,58.03481232798189,2022-01-24,2022-01-11T19:16:34.924628Z,2022-01-12T16:00:00Z,2022-02-20T23:00:00Z,2022-02-19,Florida
9330,0.2,67.68850690071685,2022-01-24,2022-01-11T19:16:34.924628Z,2022-01-12T16:00:00Z,2022-02-20T23:00:00Z,2022-02-19,Florida
9330,0.25,76.67249376114705,2022-01-24,2022-01-11T19:16:34.924628Z,2022-01-12T16:00:00Z,2022-02-20T23:00:00Z,2022-02-19,Florida
9330,0.3,85.31335075577645,2022-01-24,2022-01-11T19:16:34.924628Z,2022-01-12T16:00:00Z,2022-02-20T23:00:00Z,2022-02-19,Florida
9330,0.35,93.85594401142818,2022-01-24,2022-01-11T19:16:34.924628Z,2022-01-12T16:00:00Z,2022-02-20T23:00:00Z,2022-02-19,Florida
9330,0.4,102.45942543694056,2022-01-24,2022-01-11T19:16:34.924628Z,2022-01-12T16:00:00Z,2022-02-20T23:00:00Z,2022-02-19,Florida
9330,0.45,111.30202545642317,2022-01-24,2022-01-11T19:16:34.924628Z,2022-01-12T16:00:00Z,2022-02-20T23:00:00Z,2022-02-19,Florida
9330,0.5,120.57335067251424,2022-01-24,2022-01-11T19:16:34.924628Z,2022-01-12T16:00:00Z,2022-02-20T23:00:00Z,2022-02-19,Florida
9330,0.55,130.49861579192262,2022-01-24,2022-01-11T19:16:34.924628Z,2022-01-12T16:00:00Z,2022-02-20T23:00:00Z,2022-02-19,Florida
9330,0.6,141.4050857528623,2022-01-24,2022-01-11T19:16:34.924628Z,2022-01-12T16:00:00Z,2022-02-20T23:00:00Z,2022-02-19,Florida
9330,0.65,153.78253391215492,2022-01-24,2022-01-11T19:16:34.924628Z,2022-01-12T16:00:00Z,2022-02-20T23:00:00Z,2022-02-19,Florida
9330,0.7,168.54397291944986,2022-01-24,2022-01-11T19:16:34.924628Z,2022-01-12T16:00:00Z,2022-02-20T23:00:00Z,2022-02-19,Florida
9330,0.75,187.2774346878624,2022-01-24,2022-01-11T19:16:34.924628Z,2022-01-12T16:00:00Z,2022-02-20T23:00:00Z,2022-02-19,Florida
9330,0.8,212.90095850626528,2022-01-24,2022-01-11T19:16:34.924628Z,2022-01-12T16:00:00Z,2022-02-20T23:00:00Z,2022-02-19,Florida
9330,0.85,251.26892359690234,2022-01-24,2022-01-11T19:16:34.924628Z,2022-01-12T16:00:00Z,2022-02-20T23:00:00Z,2022-02-19,Florida
9330,0.9,317.2071053339829,2022-01-24,2022-01-11T19:16:34.924628Z,2022-01-12T16:00:00Z,2022-02-20T23:00:00Z,2022-02-19,Florida
9330,0.95,469.8655654040041,2022-01-24,2022-01-11T19:16:34.924628Z,2022-01-12T16:00:00Z,2022-02-20T23:00:00Z,2022-02-19,Florida
9330,0.975,687.254756369912,2022-01-24,2022-01-11T19:16:34.924628Z,2022-01-12T16:00:00Z,2022-02-20T23:00:00Z,2022-02-19,Florida
9330,0.99,1089.2774595654296,2022-01-24,2022-01-11T19:16:34.924628Z,2022-01-12T16:00:00Z,2022-02-20T23:00:00Z,2022-02-19,Florida
9331,0.01,20.478019767187412,2022-01-24,2022-01-11T19:20:13.889275Z,2022-01-12T16:00:00Z,2022-01-23T23:00:00Z,2022-01-22,Oklahoma
9331,0.025,31.521746438370425,2022-01-24,2022-01-11T19:20:13.889275Z,2022-01-12T16:00:00Z,2022-01-23T23:00:00Z,2022-01-22,Oklahoma
9331,0.05,42.41720047772497,2022-01-24,2022-01-11T19:20:13.889275Z,2022-01-12T16:00:00Z,2022-01-23T23:00:00Z,2022-01-22,Oklahoma
9331,0.1,55.57940828689402,2022-01-24,2022-01-11T19:20:13.889275Z,2022-01-12T16:00:00Z,2022-01-23T23:00:00Z,2022-01-22,Oklahoma
9331,0.15,64.72368387721285,2022-01-24,2022-01-11T19:20:13.889275Z,2022-01-12T16:00:00Z,2022-01-23T23:00:00Z,2022-01-22,Oklahoma
9331,0.2,72.15793773729517,2022-01-24,2022-01-11T19:20:13.889275Z,2022-01-12T16:00:00Z,2022-01-23T23:00:00Z,2022-01-22,Oklahoma
9331,0.25,78.70134053338532,2022-01-24,2022-01-11T19:20:13.889275Z,2022-01-12T16:00:00Z,2022-01-23T23:00:00Z,2022-01-22,Oklahoma
9331,0.3,84.73524739144518,2022-01-24,2022-01-11T19:20:13.889275Z,2022-01-12T16:00:00Z,2022-01-23T23:00:00Z,2022-01-22,Oklahoma
9331,0.35,90.49848424548794,2022-01-24,2022-01-11T19:20:13.889275Z,2022-01-12T16:00:00Z,2022-01-23T23:00:00Z,2022-01-22,Oklahoma
9331,0.4,96.15013743768571,2022-01-24,2022-01-11T19:20:13.889275Z,2022-01-12T16:00:00Z,2022-01-23T23:00:00Z,2022-01-22,Oklahoma
9331,0.45,101.83752198920125,2022-01-24,2022-01-11T19:20:13.889275Z,2022-01-12T16:00:00Z,2022-01-23T23:00:00Z,2022-01-22,Oklahoma
9331,0.5,107.69058211543606,2022-01-24,2022-01-11T19:20:13.889275Z,2022-01-12T16:00:00Z,2022-01-23T23:00:00Z,2022-01-22,Oklahoma
9331,0.55,113.84144630591558,2022-01-24,2022-01-11T19:20:13.889275Z,2022-01-12T16:00:00Z,2022-01-23T23:00:00Z,2022-01-22,Oklahoma
9331,0.6,120.4497732974622,2022-01-24,2022-01-11T19:20:13.889275Z,2022-01-12T16:00:00Z,2022-01-23T23:00:00Z,2022-01-22,Oklahoma
9331,0.65,127.73205923486492,2022-01-24,2022-01-11T19:20:13.889275Z,2022-01-12T16:00:00Z,2022-01-23T23:00:00Z,2022-01-22,Oklahoma
9331,0.7,136.01056126841996,2022-01-24,2022-01-11T19:20:13.889275Z,2022-01-12T16:00:00Z,2022-01-23T23:00:00Z,2022-01-22,Oklahoma
9331,0.75,145.7688287691211,2022-01-24,2022-01-11T19:20:13.889275Z,2022-01-12T16:00:00Z,2022-01-23T23:00:00Z,2022-01-22,Oklahoma
9331,0.8,157.88828776375405,2022-01-24,2022-01-11T19:20:13.889275Z,2022-01-12T16:00:00Z,2022-01-23T23:00:00Z,2022-01-22,Oklahoma
9331,0.85,174.0694077393837,2022-01-24,2022-01-11T19:20:13.889275Z,2022-01-12T16:00:00Z,2022-01-23T23:00:00Z,2022-01-22,Oklahoma
9331,0.9,198.90948450742675,2022-01-24,2022-01-11T19:20:13.889275Z,2022-01-12T16:00:00Z,2022-01-23T23:00:00Z,2022-01-22,Oklahoma
9331,0.95,247.2491251742334,2022-01-24,2022-01-11T19:20:13.889275Z,2022-01-12T16:00:00Z,2022-01-23T23:00:00Z,2022-01-22,Oklahoma
9331,0.975,305.9685969529454,2022-01-24,2022-01-11T19:20:13.889275Z,2022-01-12T16:00:00Z,2022-01-23T23:00:00Z,2022-01-22,Oklahoma
9331,0.99,412.4607558533703,2022-01-24,2022-01-11T19:20:13.889275Z,2022-01-12T16:00:00Z,2022-01-23T23:00:00Z,2022-01-22,Oklahoma
9332,0.01,13.6316558482118,2022-01-24,2022-01-11T19:21:49.374514Z,2022-01-12T16:00:00Z,2022-02-06T23:00:00Z,2022-02-05,Oklahoma
9332,0.025,19.75619930370061,2022-01-24,2022-01-11T19:21:49.374514Z,2022-01-12T16:00:00Z,2022-02-06T23:00:00Z,2022-02-05,Oklahoma
9332,0.05,27.349629053075876,2022-01-24,2022-01-11T19:21:49.374514Z,2022-01-12T16:00:00Z,2022-02-06T23:00:00Z,2022-02-05,Oklahoma
9332,0.1,38.583204770533385,2022-01-24,2022-01-11T19:21:49.374514Z,2022-01-12T16:00:00Z,2022-02-06T23:00:00Z,2022-02-05,Oklahoma
9332,0.15,47.57469222464243,2022-01-24,2022-01-11T19:21:49.374514Z,2022-01-12T16:00:00Z,2022-02-06T23:00:00Z,2022-02-05,Oklahoma
9332,0.2,55.51269443285538,2022-01-24,2022-01-11T19:21:49.374514Z,2022-01-12T16:00:00Z,2022-02-06T23:00:00Z,2022-02-05,Oklahoma
9332,0.25,62.882978789976555,2022-01-24,2022-01-11T19:21:49.374514Z,2022-01-12T16:00:00Z,2022-02-06T23:00:00Z,2022-02-05,Oklahoma
9332,0.3,69.98116448480725,2022-01-24,2022-01-11T19:21:49.374514Z,2022-01-12T16:00:00Z,2022-02-06T23:00:00Z,2022-02-05,Oklahoma
9332,0.35,77.04111032943712,2022-01-24,2022-01-11T19:21:49.374514Z,2022-01-12T16:00:00Z,2022-02-06T23:00:00Z,2022-02-05,Oklahoma
9332,0.4,84.22917215107617,2022-01-24,2022-01-11T19:21:49.374514Z,2022-01-12T16:00:00Z,2022-02-06T23:00:00Z,2022-02-05,Oklahoma
9332,0.45,91.70346458892715,2022-01-24,2022-01-11T19:21:49.374514Z,2022-01-12T16:00:00Z,2022-02-06T23:00:00Z,2022-02-05,Oklahoma
9332,0.5,99.63278897410656,2022-01-24,2022-01-11T19:21:49.374514Z,2022-01-12T16:00:00Z,2022-02-06T23:00:00Z,2022-02-05,Oklahoma
9332,0.55,108.21094935607499,2022-01-24,2022-01-11T19:21:49.374514Z,2022-01-12T16:00:00Z,2022-02-06T23:00:00Z,2022-02-05,Oklahoma
9332,0.6,117.68613790583521,2022-01-24,2022-01-11T19:21:49.374514Z,2022-01-12T16:00:00Z,2022-02-06T23:00:00Z,2022-02-05,Oklahoma
9332,0.65,128.3817968795097,2022-01-24,2022-01-11T19:21:49.374514Z,2022-01-12T16:00:00Z,2022-02-06T23:00:00Z,2022-02-05,Oklahoma
9332,0.7,140.7462805285349,2022-01-24,2022-01-11T19:21:49.374514Z,2022-01-12T16:00:00Z,2022-02-06T23:00:00Z,2022-02-05,Oklahoma
9332,0.75,155.44324865753114,2022-01-24,2022-01-11T19:21:49.374514Z,2022-01-12T16:00:00Z,2022-02-06T23:00:00Z,2022-02-05,Oklahoma
9332,0.8,173.68810817705847,2022-01-24,2022-01-11T19:21:49.374514Z,2022-01-12T16:00:00Z,2022-02-06T23:00:00Z,2022-02-05,Oklahoma
9332,0.85,198.36796353111697,2022-01-24,2022-01-11T19:21:49.374514Z,2022-01-12T16:00:00Z,2022-02-06T23:00:00Z,2022-02-05,Oklahoma
9332,0.9,239.69153723930754,2022-01-24,2022-01-11T19:21:49.374514Z,2022-01-12T16:00:00Z,2022-02-06T23:00:00Z,2022-02-05,Oklahoma
9332,0.95,339.3466802632031,2022-01-24,2022-01-11T19:21:49.374514Z,2022-01-12T16:00:00Z,2022-02-06T23:00:00Z,2022-02-05,Oklahoma
9332,0.975,489.09701935464875,2022-01-24,2022-01-11T19:21:49.374514Z,2022-01-12T16:00:00Z,2022-02-06T23:00:00Z,2022-02-05,Oklahoma
9332,0.99,803.4072191293067,2022-01-24,2022-01-11T19:21:49.374514Z,2022-01-12T16:00:00Z,2022-02-06T23:00:00Z,2022-02-05,Oklahoma
9333,0.01,13.967919501295409,2022-01-24,2022-01-11T19:23:49.407850Z,2022-01-12T16:00:00Z,2022-02-20T23:00:00Z,2022-02-19,Oklahoma
9333,0.025,20.24424665602458,2022-01-24,2022-01-11T19:23:49.407850Z,2022-01-12T16:00:00Z,2022-02-20T23:00:00Z,2022-02-19,Oklahoma
9333,0.05,28.11792638609984,2022-01-24,2022-01-11T19:23:49.407850Z,2022-01-12T16:00:00Z,2022-02-20T23:00:00Z,2022-02-19,Oklahoma
9333,0.1,40.625452447518626,2022-01-24,2022-01-11T19:23:49.407850Z,2022-01-12T16:00:00Z,2022-02-20T23:00:00Z,2022-02-19,Oklahoma
9333,0.15,51.31108646329588,2022-01-24,2022-01-11T19:23:49.407850Z,2022-01-12T16:00:00Z,2022-02-20T23:00:00Z,2022-02-19,Oklahoma
9333,0.2,61.03582832494002,2022-01-24,2022-01-11T19:23:49.407850Z,2022-01-12T16:00:00Z,2022-02-20T23:00:00Z,2022-02-19,Oklahoma
9333,0.25,70.23871618129877,2022-01-24,2022-01-11T19:23:49.407850Z,2022-01-12T16:00:00Z,2022-02-20T23:00:00Z,2022-02-19,Oklahoma
9333,0.3,79.213467471516,2022-01-24,2022-01-11T19:23:49.407850Z,2022-01-12T16:00:00Z,2022-02-20T23:00:00Z,2022-02-19,Oklahoma
9333,0.35,88.1846727472111,2022-01-24,2022-01-11T19:23:49.407850Z,2022-01-12T16:00:00Z,2022-02-20T23:00:00Z,2022-02-19,Oklahoma
9333,0.4,97.32867098887671,2022-01-24,2022-01-11T19:23:49.407850Z,2022-01-12T16:00:00Z,2022-02-20T23:00:00Z,2022-02-19,Oklahoma
9333,0.45,106.83177298293384,2022-01-24,2022-01-11T19:23:49.407850Z,2022-01-12T16:00:00Z,2022-02-20T23:00:00Z,2022-02-19,Oklahoma
9333,0.5,116.85862501534677,2022-01-24,2022-01-11T19:23:49.407850Z,2022-01-12T16:00:00Z,2022-02-20T23:00:00Z,2022-02-19,Oklahoma
9333,0.55,127.59051379397799,2022-01-24,2022-01-11T19:23:49.407850Z,2022-01-12T16:00:00Z,2022-02-20T23:00:00Z,2022-02-19,Oklahoma
9333,0.6,139.23688618523002,2022-01-24,2022-01-11T19:23:49.407850Z,2022-01-12T16:00:00Z,2022-02-20T23:00:00Z,2022-02-19,Oklahoma
9333,0.65,152.09738197589792,2022-01-24,2022-01-11T19:23:49.407850Z,2022-01-12T16:00:00Z,2022-02-20T23:00:00Z,2022-02-19,Oklahoma
9333,0.7,166.6559452177751,2022-01-24,2022-01-11T19:23:49.407850Z,2022-01-12T16:00:00Z,2022-02-20T23:00:00Z,2022-02-19,Oklahoma
9333,0.75,183.7172462253323,2022-01-24,2022-01-11T19:23:49.407850Z,2022-01-12T16:00:00Z,2022-02-20T23:00:00Z,2022-02-19,Oklahoma
9333,0.8,204.85671347826116,2022-01-24,2022-01-11T19:23:49.407850Z,2022-01-12T16:00:00Z,2022-02-20T23:00:00Z,2022-02-19,Oklahoma
9333,0.85,234.26215710363175,2022-01-24,2022-01-11T19:23:49.407850Z,2022-01-12T16:00:00Z,2022-02-20T23:00:00Z,2022-02-19,Oklahoma
9333,0.9,284.30033958271486,2022-01-24,2022-01-11T19:23:49.407850Z,2022-01-12T16:00:00Z,2022-02-20T23:00:00Z,2022-02-19,Oklahoma
9333,0.95,408.60683937969776,2022-01-24,2022-01-11T19:23:49.407850Z,2022-01-12T16:00:00Z,2022-02-20T23:00:00Z,2022-02-19,Oklahoma
9333,0.975,609.0717890618766,2022-01-24,2022-01-11T19:23:49.407850Z,2022-01-12T16:00:00Z,2022-02-20T23:00:00Z,2022-02-19,Oklahoma
9333,0.99,1053.4854280690497,2022-01-24,2022-01-11T19:23:49.407850Z,2022-01-12T16:00:00Z,2022-02-20T23:00:00Z,2022-02-19,Oklahoma
9334,0.01,8.280165729692666,2022-01-24,2022-01-11T19:35:12.444789Z,2022-01-12T16:00:00Z,2022-01-23T23:00:00Z,2022-01-22,California
9334,0.025,10.82509010474186,2022-01-24,2022-01-11T19:35:12.444789Z,2022-01-12T16:00:00Z,2022-01-23T23:00:00Z,2022-01-22,California
9334,0.05,17.667135745426094,2022-01-24,2022-01-11T19:35:12.444789Z,2022-01-12T16:00:00Z,2022-01-23T23:00:00Z,2022-01-22,California
9334,0.1,39.07928453358849,2022-01-24,2022-01-11T19:35:12.444789Z,2022-01-12T16:00:00Z,2022-01-23T23:00:00Z,2022-01-22,California
9334,0.15,48.59923071408101,2022-01-24,2022-01-11T19:35:12.444789Z,2022-01-12T16:00:00Z,2022-01-23T23:00:00Z,2022-01-22,California
9334,0.2,55.086920928223975,2022-01-24,2022-01-11T19:35:12.444789Z,2022-01-12T16:00:00Z,2022-01-23T23:00:00Z,2022-01-22,California
9334,0.25,60.36113862767293,2022-01-24,2022-01-11T19:35:12.444789Z,2022-01-12T16:00:00Z,2022-01-23T23:00:00Z,2022-01-22,California
9334,0.3,65.06552706555027,2022-01-24,2022-01-11T19:35:12.444789Z,2022-01-12T16:00:00Z,2022-01-23T23:00:00Z,2022-01-22,California
9334,0.35,69.5405247962469,2022-01-24,2022-01-11T19:35:12.444789Z,2022-01-12T16:00:00Z,2022-01-23T23:00:00Z,2022-01-22,California
9334,0.4,73.95014007118795,2022-01-24,2022-01-11T19:35:12.444789Z,2022-01-12T16:00:00Z,2022-01-23T23:00:00Z,2022-01-22,California
9334,0.45,78.40768449066643,2022-01-24,2022-01-11T19:35:12.444789Z,2022-01-12T16:00:00Z,2022-01-23T23:00:00Z,2022-01-22,California
9334,0.5,83.01426364726294,2022-01-24,2022-01-11T19:35:12.444789Z,2022-01-12T16:00:00Z,2022-01-23T23:00:00Z,2022-01-22,California
9334,0.55,87.89889252021027,2022-01-24,2022-01-11T19:35:12.444789Z,2022-01-12T16:00:00Z,2022-01-23T23:00:00Z,2022-01-22,California
9334,0.6,93.26018826500541,2022-01-24,2022-01-11T19:35:12.444789Z,2022-01-12T16:00:00Z,2022-01-23T23:00:00Z,2022-01-22,California
9334,0.65,99.3665002346155,2022-01-24,2022-01-11T19:35:12.444789Z,2022-01-12T16:00:00Z,2022-01-23T23:00:00Z,2022-01-22,California
9334,0.7,106.58997361507153,2022-01-24,2022-01-11T19:35:12.444789Z,2022-01-12T16:00:00Z,2022-01-23T23:00:00Z,2022-01-22,California
9334,0.75,115.65619775561126,2022-01-24,2022-01-11T19:35:12.444789Z,2022-01-12T16:00:00Z,2022-01-23T23:00:00Z,2022-01-22,California
9334,0.8,127.93089525475571,2022-01-24,2022-01-11T19:35:12.444789Z,2022-01-12T16:00:00Z,2022-01-23T23:00:00Z,2022-01-22,California
9334,0.85,146.95700479709404,2022-01-24,2022-01-11T19:35:12.444789Z,2022-01-12T16:00:00Z,2022-01-23T23:00:00Z,2022-01-22,California
9334,0.9,184.0320940846556,2022-01-24,2022-01-11T19:35:12.444789Z,2022-01-12T16:00:00Z,2022-01-23T23:00:00Z,2022-01-22,California
9334,0.95,284.11622934369916,2022-01-24,2022-01-11T19:35:12.444789Z,2022-01-12T16:00:00Z,2022-01-23T23:00:00Z,2022-01-22,California
9334,0.975,431.9341018059396,2022-01-24,2022-01-11T19:35:12.444789Z,2022-01-12T16:00:00Z,2022-01-23T23:00:00Z,2022-01-22,California
9334,0.99,843.9789573423405,2022-01-24,2022-01-11T19:35:12.444789Z,2022-01-12T16:00:00Z,2022-01-23T23:00:00Z,2022-01-22,California
9335,0.01,11.942035213210904,2022-01-24,2022-01-11T19:41:55.838481Z,2022-01-12T16:00:00Z,2022-02-06T23:00:00Z,2022-02-05,California
9335,0.025,17.74204389422958,2022-01-24,2022-01-11T19:41:55.838481Z,2022-01-12T16:00:00Z,2022-02-06T23:00:00Z,2022-02-05,California
9335,0.05,24.62738049288074,2022-01-24,2022-01-11T19:41:55.838481Z,2022-01-12T16:00:00Z,2022-02-06T23:00:00Z,2022-02-05,California
9335,0.1,35.078682568670445,2022-01-24,2022-01-11T19:41:55.838481Z,2022-01-12T16:00:00Z,2022-02-06T23:00:00Z,2022-02-05,California
9335,0.15,43.61447914743321,2022-01-24,2022-01-11T19:41:55.838481Z,2022-01-12T16:00:00Z,2022-02-06T23:00:00Z,2022-02-05,California
9335,0.2,51.1894733497639,2022-01-24,2022-01-11T19:41:55.838481Z,2022-01-12T16:00:00Z,2022-02-06T23:00:00Z,2022-02-05,California
9335,0.25,58.24596022108485,2022-01-24,2022-01-11T19:41:55.838481Z,2022-01-12T16:00:00Z,2022-02-06T23:00:00Z,2022-02-05,California
9335,0.3,65.02094410788607,2022-01-24,2022-01-11T19:41:55.838481Z,2022-01-12T16:00:00Z,2022-02-06T23:00:00Z,2022-02-05,California
9335,0.35,71.70272706492194,2022-01-24,2022-01-11T19:41:55.838481Z,2022-01-12T16:00:00Z,2022-02-06T23:00:00Z,2022-02-05,California
9335,0.4,78.41482207300939,2022-01-24,2022-01-11T19:41:55.838481Z,2022-01-12T16:00:00Z,2022-02-06T23:00:00Z,2022-02-05,California
9335,0.45,85.24952034532154,2022-01-24,2022-01-11T19:41:55.838481Z,2022-01-12T16:00:00Z,2022-02-06T23:00:00Z,2022-02-05,California
9335,0.5,92.2064817636043,2022-01-24,2022-01-11T19:41:55.838481Z,2022-01-12T16:00:00Z,2022-02-06T23:00:00Z,2022-02-05,California
9335,0.55,99.20997781998493,2022-01-24,2022-01-11T19:41:55.838481Z,2022-01-12T16:00:00Z,2022-02-06T23:00:00Z,2022-02-05,California
9335,0.6,106.3998708565538,2022-01-24,2022-01-11T19:41:55.838481Z,2022-01-12T16:00:00Z,2022-02-06T23:00:00Z,2022-02-05,California
9335,0.65,114.17345620171558,2022-01-24,2022-01-11T19:41:55.838481Z,2022-01-12T16:00:00Z,2022-02-06T23:00:00Z,2022-02-05,California
9335,0.7,122.89335675542605,2022-01-24,2022-01-11T19:41:55.838481Z,2022-01-12T16:00:00Z,2022-02-06T23:00:00Z,2022-02-05,California
9335,0.75,133.06858706975743,2022-01-24,2022-01-11T19:41:55.838481Z,2022-01-12T16:00:00Z,2022-02-06T23:00:00Z,2022-02-05,California
9335,0.8,145.48637903371525,2022-01-24,2022-01-11T19:41:55.838481Z,2022-01-12T16:00:00Z,2022-02-06T23:00:00Z,2022-02-05,California
9335,0.85,161.61380531629635,2022-01-24,2022-01-11T19:41:55.838481Z,2022-01-12T16:00:00Z,2022-02-06T23:00:00Z,2022-02-05,California
9335,0.9,185.65207783481574,2022-01-24,2022-01-11T19:41:55.838481Z,2022-01-12T16:00:00Z,2022-02-06T23:00:00Z,2022-02-05,California
9335,0.95,235.41778938946248,2022-01-24,2022-01-11T19:41:55.838481Z,2022-01-12T16:00:00Z,2022-02-06T23:00:00Z,2022-02-05,California
9335,0.975,302.40009889772125,2022-01-24,2022-01-11T19:41:55.838481Z,2022-01-12T16:00:00Z,2022-02-06T23:00:00Z,2022-02-05,California
9335,0.99,430.76468341376255,2022-01-24,2022-01-11T19:41:55.838481Z,2022-01-12T16:00:00Z,2022-02-06T23:00:00Z,2022-02-05,California
9336,0.01,9.494367203984726,2022-01-24,2022-01-11T19:43:01.872923Z,2022-01-12T16:00:00Z,2022-02-20T23:00:00Z,2022-02-19,California
9336,0.025,13.671510723180294,2022-01-24,2022-01-11T19:43:01.872923Z,2022-01-12T16:00:00Z,2022-02-20T23:00:00Z,2022-02-19,California
9336,0.05,19.50307316005816,2022-01-24,2022-01-11T19:43:01.872923Z,2022-01-12T16:00:00Z,2022-02-20T23:00:00Z,2022-02-19,California
9336,0.1,29.776830559924797,2022-01-24,2022-01-11T19:43:01.872923Z,2022-01-12T16:00:00Z,2022-02-20T23:00:00Z,2022-02-19,California
9336,0.15,39.02255199353422,2022-01-24,2022-01-11T19:43:01.872923Z,2022-01-12T16:00:00Z,2022-02-20T23:00:00Z,2022-02-19,California
9336,0.2,47.82324904110085,2022-01-24,2022-01-11T19:43:01.872923Z,2022-01-12T16:00:00Z,2022-02-20T23:00:00Z,2022-02-19,California
9336,0.25,56.50758558454715,2022-01-24,2022-01-11T19:43:01.872923Z,2022-01-12T16:00:00Z,2022-02-20T23:00:00Z,2022-02-19,California
9336,0.3,65.23960952039451,2022-01-24,2022-01-11T19:43:01.872923Z,2022-01-12T16:00:00Z,2022-02-20T23:00:00Z,2022-02-19,California
9336,0.35,74.10759061581243,2022-01-24,2022-01-11T19:43:01.872923Z,2022-01-12T16:00:00Z,2022-02-20T23:00:00Z,2022-02-19,California
9336,0.4,83.13770284038436,2022-01-24,2022-01-11T19:43:01.872923Z,2022-01-12T16:00:00Z,2022-02-20T23:00:00Z,2022-02-19,California
9336,0.45,92.36158655669705,2022-01-24,2022-01-11T19:43:01.872923Z,2022-01-12T16:00:00Z,2022-02-20T23:00:00Z,2022-02-19,California
9336,0.5,101.82050095041402,2022-01-24,2022-01-11T19:43:01.872923Z,2022-01-12T16:00:00Z,2022-02-20T23:00:00Z,2022-02-19,California
9336,0.55,111.63711282420238,2022-01-24,2022-01-11T19:43:01.872923Z,2022-01-12T16:00:00Z,2022-02-20T23:00:00Z,2022-02-19,California
9336,0.6,122.0674229133003,2022-01-24,2022-01-11T19:43:01.872923Z,2022-01-12T16:00:00Z,2022-02-20T23:00:00Z,2022-02-19,California
9336,0.65,133.61338465667671,2022-01-24,2022-01-11T19:43:01.872923Z,2022-01-12T16:00:00Z,2022-02-20T23:00:00Z,2022-02-19,California
9336,0.7,147.12887085588807,2022-01-24,2022-01-11T19:43:01.872923Z,2022-01-12T16:00:00Z,2022-02-20T23:00:00Z,2022-02-19,California
9336,0.75,164.35767134919527,2022-01-24,2022-01-11T19:43:01.872923Z,2022-01-12T16:00:00Z,2022-02-20T23:00:00Z,2022-02-19,California
9336,0.8,189.0787368994395,2022-01-24,2022-01-11T19:43:01.872923Z,2022-01-12T16:00:00Z,2022-02-20T23:00:00Z,2022-02-19,California
9336,0.85,231.16978988321955,2022-01-24,2022-01-11T19:43:01.872923Z,2022-01-12T16:00:00Z,2022-02-20T23:00:00Z,2022-02-19,California
9336,0.9,322.85164229126565,2022-01-24,2022-01-11T19:43:01.872923Z,2022-01-12T16:00:00Z,2022-02-20T23:00:00Z,2022-02-19,California
9336,0.95,604.3281799575327,2022-01-24,2022-01-11T19:43:01.872923Z,2022-01-12T16:00:00Z,2022-02-20T23:00:00Z,2022-02-19,California
9336,0.975,1027.754788379519,2022-01-24,2022-01-11T19:43:01.872923Z,2022-01-12T16:00:00Z,2022-02-20T23:00:00Z,2022-02-19,California
9336,0.99,1611.514870937637,2022-01-24,2022-01-11T19:43:01.872923Z,2022-01-12T16:00:00Z,2022-02-20T23:00:00Z,2022-02-19,California
9337,0.01,1.0029991290035665,2022-01-24,2022-01-11T19:46:44.548177Z,2022-01-12T16:00:00Z,2022-01-23T23:00:00Z,2022-01-22,Vermont
9337,0.025,1.0075146961476749,2022-01-24,2022-01-11T19:46:44.548177Z,2022-01-12T16:00:00Z,2022-01-23T23:00:00Z,2022-01-22,Vermont
9337,0.05,1.0150858629596209,2022-01-24,2022-01-11T19:46:44.548177Z,2022-01-12T16:00:00Z,2022-01-23T23:00:00Z,2022-01-22,Vermont
9337,0.1,1.0303993091866492,2022-01-24,2022-01-11T19:46:44.548177Z,2022-01-12T16:00:00Z,2022-01-23T23:00:00Z,2022-01-22,Vermont
9337,0.15,1.0524075334829865,2022-01-24,2022-01-11T19:46:44.548177Z,2022-01-12T16:00:00Z,2022-01-23T23:00:00Z,2022-01-22,Vermont
9337,0.2,1.0809609422023962,2022-01-24,2022-01-11T19:46:44.548177Z,2022-01-12T16:00:00Z,2022-01-23T23:00:00Z,2022-01-22,Vermont
9337,0.25,1.1236942329804214,2022-01-24,2022-01-11T19:46:44.548177Z,2022-01-12T16:00:00Z,2022-01-23T23:00:00Z,2022-01-22,Vermont
9337,0.3,1.1971758597478004,2022-01-24,2022-01-11T19:46:44.548177Z,2022-01-12T16:00:00Z,2022-01-23T23:00:00Z,2022-01-22,Vermont
9337,0.35,1.3153722102922665,2022-01-24,2022-01-11T19:46:44.548177Z,2022-01-12T16:00:00Z,2022-01-23T23:00:00Z,2022-01-22,Vermont
9337,0.4,1.4821776704270273,2022-01-24,2022-01-11T19:46:44.548177Z,2022-01-12T16:00:00Z,2022-01-23T23:00:00Z,2022-01-22,Vermont
9337,0.45,1.702031787183976,2022-01-24,2022-01-11T19:46:44.548177Z,2022-01-12T16:00:00Z,2022-01-23T23:00:00Z,2022-01-22,Vermont
9337,0.5,1.9024565909294964,2022-01-24,2022-01-11T19:46:44.548177Z,2022-01-12T16:00:00Z,2022-01-23T23:00:00Z,2022-01-22,Vermont
9337,0.55,2.048519481813291,2022-01-24,2022-01-11T19:46:44.548177Z,2022-01-12T16:00:00Z,2022-01-23T23:00:00Z,2022-01-22,Vermont
9337,0.6,2.26842978649222,2022-01-24,2022-01-11T19:46:44.548177Z,2022-01-12T16:00:00Z,2022-01-23T23:00:00Z,2022-01-22,Vermont
9337,0.65,2.7444815392875874,2022-01-24,2022-01-11T19:46:44.548177Z,2022-01-12T16:00:00Z,2022-01-23T23:00:00Z,2022-01-22,Vermont
9337,0.7,3.163400214073762,2022-01-24,2022-01-11T19:46:44.548177Z,2022-01-12T16:00:00Z,2022-01-23T23:00:00Z,2022-01-22,Vermont
9337,0.75,3.9370421434556424,2022-01-24,2022-01-11T19:46:44.548177Z,2022-01-12T16:00:00Z,2022-01-23T23:00:00Z,2022-01-22,Vermont
9337,0.8,5.107078918865948,2022-01-24,2022-01-11T19:46:44.548177Z,2022-01-12T16:00:00Z,2022-01-23T23:00:00Z,2022-01-22,Vermont
9337,0.85,6.906482107500291,2022-01-24,2022-01-11T19:46:44.548177Z,2022-01-12T16:00:00Z,2022-01-23T23:00:00Z,2022-01-22,Vermont
9337,0.9,10.409054939709469,2022-01-24,2022-01-11T19:46:44.548177Z,2022-01-12T16:00:00Z,2022-01-23T23:00:00Z,2022-01-22,Vermont
9337,0.95,21.58606192774856,2022-01-24,2022-01-11T19:46:44.548177Z,2022-01-12T16:00:00Z,2022-01-23T23:00:00Z,2022-01-22,Vermont
9337,0.975,45.8925066533652,2022-01-24,2022-01-11T19:46:44.548177Z,2022-01-12T16:00:00Z,2022-01-23T23:00:00Z,2022-01-22,Vermont
9337,0.99,111.43073021297454,2022-01-24,2022-01-11T19:46:44.548177Z,2022-01-12T16:00:00Z,2022-01-23T23:00:00Z,2022-01-22,Vermont
9338,0.01,1.0036581686006365,2022-01-24,2022-01-11T19:50:59.537411Z,2022-01-12T16:00:00Z,2022-02-06T23:00:00Z,2022-02-05,Vermont
9338,0.025,1.0091705284343238,2022-01-24,2022-01-11T19:50:59.537411Z,2022-01-12T16:00:00Z,2022-02-06T23:00:00Z,2022-02-05,Vermont
9338,0.05,1.0184251554543078,2022-01-24,2022-01-11T19:50:59.537411Z,2022-01-12T16:00:00Z,2022-02-06T23:00:00Z,2022-02-05,Vermont
9338,0.1,1.0392510533693238,2022-01-24,2022-01-11T19:50:59.537411Z,2022-01-12T16:00:00Z,2022-02-06T23:00:00Z,2022-02-05,Vermont
9338,0.15,1.0652741158017707,2022-01-24,2022-01-11T19:50:59.537411Z,2022-01-12T16:00:00Z,2022-02-06T23:00:00Z,2022-02-05,Vermont
9338,0.2,1.104198711344782,2022-01-24,2022-01-11T19:50:59.537411Z,2022-01-12T16:00:00Z,2022-02-06T23:00:00Z,2022-02-05,Vermont
9338,0.25,1.166798977021756,2022-01-24,2022-01-11T19:50:59.537411Z,2022-01-12T16:00:00Z,2022-02-06T23:00:00Z,2022-02-05,Vermont
9338,0.3,1.267476059576742,2022-01-24,2022-01-11T19:50:59.537411Z,2022-01-12T16:00:00Z,2022-02-06T23:00:00Z,2022-02-05,Vermont
9338,0.35,1.4018769469561274,2022-01-24,2022-01-11T19:50:59.537411Z,2022-01-12T16:00:00Z,2022-02-06T23:00:00Z,2022-02-05,Vermont
9338,0.4,1.5711213541522913,2022-01-24,2022-01-11T19:50:59.537411Z,2022-01-12T16:00:00Z,2022-02-06T23:00:00Z,2022-02-05,Vermont
9338,0.45,1.7841466826404582,2022-01-24,2022-01-11T19:50:59.537411Z,2022-01-12T16:00:00Z,2022-02-06T23:00:00Z,2022-02-05,Vermont
9338,0.5,1.9936221779576124,2022-01-24,2022-01-11T19:50:59.537411Z,2022-01-12T16:00:00Z,2022-02-06T23:00:00Z,2022-02-05,Vermont
9338,0.55,2.2283616462799265,2022-01-24,2022-01-11T19:50:59.537411Z,2022-01-12T16:00:00Z,2022-02-06T23:00:00Z,2022-02-05,Vermont
9338,0.6,2.6935223167484823,2022-01-24,2022-01-11T19:50:59.537411Z,2022-01-12T16:00:00Z,2022-02-06T23:00:00Z,2022-02-05,Vermont
9338,0.65,3.16805347003579,2022-01-24,2022-01-11T19:50:59.537411Z,2022-01-12T16:00:00Z,2022-02-06T23:00:00Z,2022-02-05,Vermont
9338,0.7,3.9712457542988218,2022-01-24,2022-01-11T19:50:59.537411Z,2022-01-12T16:00:00Z,2022-02-06T23:00:00Z,2022-02-05,Vermont
9338,0.75,5.421151722498006,2022-01-24,2022-01-11T19:50:59.537411Z,2022-01-12T16:00:00Z,2022-02-06T23:00:00Z,2022-02-05,Vermont
9338,0.8,7.9690993566009345,2022-01-24,2022-01-11T19:50:59.537411Z,2022-01-12T16:00:00Z,2022-02-06T23:00:00Z,2022-02-05,Vermont
9338,0.85,13.349449943284519,2022-01-24,2022-01-11T19:50:59.537411Z,2022-01-12T16:00:00Z,2022-02-06T23:00:00Z,2022-02-05,Vermont
9338,0.9,27.166749145732616,2022-01-24,2022-01-11T19:50:59.537411Z,2022-01-12T16:00:00Z,2022-02-06T23:00:00Z,2022-02-05,Vermont
9338,0.95,60.37443542030923,2022-01-24,2022-01-11T19:50:59.537411Z,2022-01-12T16:00:00Z,2022-02-06T23:00:00Z,2022-02-05,Vermont
9338,0.975,105.04252557745907,2022-01-24,2022-01-11T19:50:59.537411Z,2022-01-12T16:00:00Z,2022-02-06T23:00:00Z,2022-02-05,Vermont
9338,0.99,182.1464804455759,2022-01-24,2022-01-11T19:50:59.537411Z,2022-01-12T16:00:00Z,2022-02-06T23:00:00Z,2022-02-05,Vermont
9339,0.01,1.0025803171016079,2022-01-24,2022-01-11T19:51:59.900020Z,2022-01-12T16:00:00Z,2022-02-20T23:00:00Z,2022-02-19,Vermont
9339,0.025,1.006463281960239,2022-01-24,2022-01-11T19:51:59.900020Z,2022-01-12T16:00:00Z,2022-02-20T23:00:00Z,2022-02-19,Vermont
9339,0.05,1.0129683379281038,2022-01-24,2022-01-11T19:51:59.900020Z,2022-01-12T16:00:00Z,2022-02-20T23:00:00Z,2022-02-19,Vermont
9339,0.1,1.0261048536263788,2022-01-24,2022-01-11T19:51:59.900020Z,2022-01-12T16:00:00Z,2022-02-20T23:00:00Z,2022-02-19,Vermont
9339,0.15,1.0430066529477264,2022-01-24,2022-01-11T19:51:59.900020Z,2022-01-12T16:00:00Z,2022-02-20T23:00:00Z,2022-02-19,Vermont
9339,0.2,1.0620698580687575,2022-01-24,2022-01-11T19:51:59.900020Z,2022-01-12T16:00:00Z,2022-02-20T23:00:00Z,2022-02-19,Vermont
9339,0.25,1.0927563042811352,2022-01-24,2022-01-11T19:51:59.900020Z,2022-01-12T16:00:00Z,2022-02-20T23:00:00Z,2022-02-19,Vermont
9339,0.3,1.1565123277688099,2022-01-24,2022-01-11T19:51:59.900020Z,2022-01-12T16:00:00Z,2022-02-20T23:00:00Z,2022-02-19,Vermont
9339,0.35,1.3740665871373339,2022-01-24,2022-01-11T19:51:59.900020Z,2022-01-12T16:00:00Z,2022-02-20T23:00:00Z,2022-02-19,Vermont
9339,0.4,1.7534878580265085,2022-01-24,2022-01-11T19:51:59.900020Z,2022-01-12T16:00:00Z,2022-02-20T23:00:00Z,2022-02-19,Vermont
9339,0.45,1.9951396959740328,2022-01-24,2022-01-11T19:51:59.900020Z,2022-01-12T16:00:00Z,2022-02-20T23:00:00Z,2022-02-19,Vermont
9339,0.5,2.2505843845312956,2022-01-24,2022-01-11T19:51:59.900020Z,2022-01-12T16:00:00Z,2022-02-20T23:00:00Z,2022-02-19,Vermont
9339,0.55,2.8191462539049645,2022-01-24,2022-01-11T19:51:59.900020Z,2022-01-12T16:00:00Z,2022-02-20T23:00:00Z,2022-02-19,Vermont
9339,0.6,3.267479731853761,2022-01-24,2022-01-11T19:51:59.900020Z,2022-01-12T16:00:00Z,2022-02-20T23:00:00Z,2022-02-19,Vermont
9339,0.65,4.049940507953026,2022-01-24,2022-01-11T19:51:59.900020Z,2022-01-12T16:00:00Z,2022-02-20T23:00:00Z,2022-02-19,Vermont
9339,0.7,5.212106862398417,2022-01-24,2022-01-11T19:51:59.900020Z,2022-01-12T16:00:00Z,2022-02-20T23:00:00Z,2022-02-19,Vermont
9339,0.75,7.1873518494829876,2022-01-24,2022-01-11T19:51:59.900020Z,2022-01-12T16:00:00Z,2022-02-20T23:00:00Z,2022-02-19,Vermont
9339,0.8,10.493048745135823,2022-01-24,2022-01-11T19:51:59.900020Z,2022-01-12T16:00:00Z,2022-02-20T23:00:00Z,2022-02-19,Vermont
9339,0.85,16.21092643217349,2022-01-24,2022-01-11T19:51:59.900020Z,2022-01-12T16:00:00Z,2022-02-20T23:00:00Z,2022-02-19,Vermont
9339,0.9,28.222004253346128,2022-01-24,2022-01-11T19:51:59.900020Z,2022-01-12T16:00:00Z,2022-02-20T23:00:00Z,2022-02-19,Vermont
9339,0.95,67.99945918102244,2022-01-24,2022-01-11T19:51:59.900020Z,2022-01-12T16:00:00Z,2022-02-20T23:00:00Z,2022-02-19,Vermont
9339,0.975,134.07146257866324,2022-01-24,2022-01-11T19:51:59.900020Z,2022-01-12T16:00:00Z,2022-02-20T23:00:00Z,2022-02-19,Vermont
9339,0.99,240.28507363224023,2022-01-24,2022-01-11T19:51:59.900020Z,2022-01-12T16:00:00Z,2022-02-20T23:00:00Z,2022-02-19,Vermont
9340,0.01,1.0084156163460687,2022-01-24,2022-01-11T20:58:44.741661Z,2022-01-12T16:00:00Z,2022-01-23T23:00:00Z,2022-01-22,Wyoming
9340,0.025,1.0211720193029488,2022-01-24,2022-01-11T20:58:44.741661Z,2022-01-12T16:00:00Z,2022-01-23T23:00:00Z,2022-01-22,Wyoming
9340,0.05,1.0481978428760967,2022-01-24,2022-01-11T20:58:44.741661Z,2022-01-12T16:00:00Z,2022-01-23T23:00:00Z,2022-01-22,Wyoming
9340,0.1,1.2232990399907915,2022-01-24,2022-01-11T20:58:44.741661Z,2022-01-12T16:00:00Z,2022-01-23T23:00:00Z,2022-01-22,Wyoming
9340,0.15,1.9252434383089443,2022-01-24,2022-01-11T20:58:44.741661Z,2022-01-12T16:00:00Z,2022-01-23T23:00:00Z,2022-01-22,Wyoming
9340,0.2,2.466483089414028,2022-01-24,2022-01-11T20:58:44.741661Z,2022-01-12T16:00:00Z,2022-01-23T23:00:00Z,2022-01-22,Wyoming
9340,0.25,3.1343178114719312,2022-01-24,2022-01-11T20:58:44.741661Z,2022-01-12T16:00:00Z,2022-01-23T23:00:00Z,2022-01-22,Wyoming
9340,0.3,3.9324647327580062,2022-01-24,2022-01-11T20:58:44.741661Z,2022-01-12T16:00:00Z,2022-01-23T23:00:00Z,2022-01-22,Wyoming
9340,0.35,4.768925766766945,2022-01-24,2022-01-11T20:58:44.741661Z,2022-01-12T16:00:00Z,2022-01-23T23:00:00Z,2022-01-22,Wyoming
9340,0.4,5.822541206852106,2022-01-24,2022-01-11T20:58:44.741661Z,2022-01-12T16:00:00Z,2022-01-23T23:00:00Z,2022-01-22,Wyoming
9340,0.45,6.969567746145108,2022-01-24,2022-01-11T20:58:44.741661Z,2022-01-12T16:00:00Z,2022-01-23T23:00:00Z,2022-01-22,Wyoming
9340,0.5,8.200342255458418,2022-01-24,2022-01-11T20:58:44.741661Z,2022-01-12T16:00:00Z,2022-01-23T23:00:00Z,2022-01-22,Wyoming
9340,0.55,9.538489431177327,2022-01-24,2022-01-11T20:58:44.741661Z,2022-01-12T16:00:00Z,2022-01-23T23:00:00Z,2022-01-22,Wyoming
9340,0.6,10.994266509533796,2022-01-24,2022-01-11T20:58:44.741661Z,2022-01-12T16:00:00Z,2022-01-23T23:00:00Z,2022-01-22,Wyoming
9340,0.65,12.520222746602034,2022-01-24,2022-01-11T20:58:44.741661Z,2022-01-12T16:00:00Z,2022-01-23T23:00:00Z,2022-01-22,Wyoming
9340,0.7,14.203440685726866,2022-01-24,2022-01-11T20:58:44.741661Z,2022-01-12T16:00:00Z,2022-01-23T23:00:00Z,2022-01-22,Wyoming
9340,0.75,16.28560826237646,2022-01-24,2022-01-11T20:58:44.741661Z,2022-01-12T16:00:00Z,2022-01-23T23:00:00Z,2022-01-22,Wyoming
9340,0.8,19.08588320495847,2022-01-24,2022-01-11T20:58:44.741661Z,2022-01-12T16:00:00Z,2022-01-23T23:00:00Z,2022-01-22,Wyoming
9340,0.85,23.291186085187693,2022-01-24,2022-01-11T20:58:44.741661Z,2022-01-12T16:00:00Z,2022-01-23T23:00:00Z,2022-01-22,Wyoming
9340,0.9,30.804718003963536,2022-01-24,2022-01-11T20:58:44.741661Z,2022-01-12T16:00:00Z,2022-01-23T23:00:00Z,2022-01-22,Wyoming
9340,0.95,49.462540972804085,2022-01-24,2022-01-11T20:58:44.741661Z,2022-01-12T16:00:00Z,2022-01-23T23:00:00Z,2022-01-22,Wyoming
9340,0.975,78.15781789591735,2022-01-24,2022-01-11T20:58:44.741661Z,2022-01-12T16:00:00Z,2022-01-23T23:00:00Z,2022-01-22,Wyoming
9340,0.99,139.5719910125472,2022-01-24,2022-01-11T20:58:44.741661Z,2022-01-12T16:00:00Z,2022-01-23T23:00:00Z,2022-01-22,Wyoming
9341,0.01,1.0053796514132527,2022-01-24,2022-01-11T21:00:23.450938Z,2022-01-12T16:00:00Z,2022-02-06T23:00:00Z,2022-02-05,Wyoming
9341,0.025,1.0135034408803762,2022-01-24,2022-01-11T21:00:23.450938Z,2022-01-12T16:00:00Z,2022-02-06T23:00:00Z,2022-02-05,Wyoming
9341,0.05,1.0271892246948224,2022-01-24,2022-01-11T21:00:23.450938Z,2022-01-12T16:00:00Z,2022-02-06T23:00:00Z,2022-02-05,Wyoming
9341,0.1,1.063849747485088,2022-01-24,2022-01-11T21:00:23.450938Z,2022-01-12T16:00:00Z,2022-02-06T23:00:00Z,2022-02-05,Wyoming
9341,0.15,1.142445012891687,2022-01-24,2022-01-11T21:00:23.450938Z,2022-01-12T16:00:00Z,2022-02-06T23:00:00Z,2022-02-05,Wyoming
9341,0.2,1.460514866072493,2022-01-24,2022-01-11T21:00:23.450938Z,2022-01-12T16:00:00Z,2022-02-06T23:00:00Z,2022-02-05,Wyoming
9341,0.25,1.9002394155778635,2022-01-24,2022-01-11T21:00:23.450938Z,2022-01-12T16:00:00Z,2022-02-06T23:00:00Z,2022-02-05,Wyoming
9341,0.3,2.1551382877450993,2022-01-24,2022-01-11T21:00:23.450938Z,2022-01-12T16:00:00Z,2022-02-06T23:00:00Z,2022-02-05,Wyoming
9341,0.35,2.8635343534713726,2022-01-24,2022-01-11T21:00:23.450938Z,2022-01-12T16:00:00Z,2022-02-06T23:00:00Z,2022-02-05,Wyoming
9341,0.4,3.5255619511437017,2022-01-24,2022-01-11T21:00:23.450938Z,2022-01-12T16:00:00Z,2022-02-06T23:00:00Z,2022-02-05,Wyoming
9341,0.45,4.444186432083749,2022-01-24,2022-01-11T21:00:23.450938Z,2022-01-12T16:00:00Z,2022-02-06T23:00:00Z,2022-02-05,Wyoming
9341,0.5,6.192788856909008,2022-01-24,2022-01-11T21:00:23.450938Z,2022-01-12T16:00:00Z,2022-02-06T23:00:00Z,2022-02-05,Wyoming
9341,0.55,8.290030072740798,2022-01-24,2022-01-11T21:00:23.450938Z,2022-01-12T16:00:00Z,2022-02-06T23:00:00Z,2022-02-05,Wyoming
9341,0.6,10.57862559909031,2022-01-24,2022-01-11T21:00:23.450938Z,2022-01-12T16:00:00Z,2022-02-06T23:00:00Z,2022-02-05,Wyoming
9341,0.65,12.986293340555061,2022-01-24,2022-01-11T21:00:23.450938Z,2022-01-12T16:00:00Z,2022-02-06T23:00:00Z,2022-02-05,Wyoming
9341,0.7,15.54218754651477,2022-01-24,2022-01-11T21:00:23.450938Z,2022-01-12T16:00:00Z,2022-02-06T23:00:00Z,2022-02-05,Wyoming
9341,0.75,18.39277236650374,2022-01-24,2022-01-11T21:00:23.450938Z,2022-01-12T16:00:00Z,2022-02-06T23:00:00Z,2022-02-05,Wyoming
9341,0.8,21.825568199248735,2022-01-24,2022-01-11T21:00:23.450938Z,2022-01-12T16:00:00Z,2022-02-06T23:00:00Z,2022-02-05,Wyoming
9341,0.85,26.420784727300187,2022-01-24,2022-01-11T21:00:23.450938Z,2022-01-12T16:00:00Z,2022-02-06T23:00:00Z,2022-02-05,Wyoming
9341,0.9,33.51213037385552,2022-01-24,2022-01-11T21:00:23.450938Z,2022-01-12T16:00:00Z,2022-02-06T23:00:00Z,2022-02-05,Wyoming
9341,0.95,49.22638004021703,2022-01-24,2022-01-11T21:00:23.450938Z,2022-01-12T16:00:00Z,2022-02-06T23:00:00Z,2022-02-05,Wyoming
9341,0.975,74.64399972616584,2022-01-24,2022-01-11T21:00:23.450938Z,2022-01-12T16:00:00Z,2022-02-06T23:00:00Z,2022-02-05,Wyoming
9341,0.99,133.66320110145767,2022-01-24,2022-01-11T21:00:23.450938Z,2022-01-12T16:00:00Z,2022-02-06T23:00:00Z,2022-02-05,Wyoming
9342,0.01,1.0047858708334905,2022-01-24,2022-01-11T21:01:35.175497Z,2022-01-12T16:00:00Z,2022-02-20T23:00:00Z,2022-02-19,Wyoming
9342,0.025,1.0120076573895032,2022-01-24,2022-01-11T21:01:35.175497Z,2022-01-12T16:00:00Z,2022-02-20T23:00:00Z,2022-02-19,Wyoming
9342,0.05,1.0241594986088511,2022-01-24,2022-01-11T21:01:35.175497Z,2022-01-12T16:00:00Z,2022-02-20T23:00:00Z,2022-02-19,Wyoming
9342,0.1,1.0562934582213575,2022-01-24,2022-01-11T21:01:35.175497Z,2022-01-12T16:00:00Z,2022-02-20T23:00:00Z,2022-02-19,Wyoming
9342,0.15,1.1242409630323147,2022-01-24,2022-01-11T21:01:35.175497Z,2022-01-12T16:00:00Z,2022-02-20T23:00:00Z,2022-02-19,Wyoming
9342,0.2,1.899747132925761,2022-01-24,2022-01-11T21:01:35.175497Z,2022-01-12T16:00:00Z,2022-02-20T23:00:00Z,2022-02-19,Wyoming
9342,0.25,2.162728804312082,2022-01-24,2022-01-11T21:01:35.175497Z,2022-01-12T16:00:00Z,2022-02-20T23:00:00Z,2022-02-19,Wyoming
9342,0.3,3.04148058106638,2022-01-24,2022-01-11T21:01:35.175497Z,2022-01-12T16:00:00Z,2022-02-20T23:00:00Z,2022-02-19,Wyoming
9342,0.35,3.947316161062442,2022-01-24,2022-01-11T21:01:35.175497Z,2022-01-12T16:00:00Z,2022-02-20T23:00:00Z,2022-02-19,Wyoming
9342,0.4,5.204397629041409,2022-01-24,2022-01-11T21:01:35.175497Z,2022-01-12T16:00:00Z,2022-02-20T23:00:00Z,2022-02-19,Wyoming
9342,0.45,6.824600607417914,2022-01-24,2022-01-11T21:01:35.175497Z,2022-01-12T16:00:00Z,2022-02-20T23:00:00Z,2022-02-19,Wyoming
9342,0.5,8.557279293044738,2022-01-24,2022-01-11T21:01:35.175497Z,2022-01-12T16:00:00Z,2022-02-20T23:00:00Z,2022-02-19,Wyoming
9342,0.55,10.358616324784343,2022-01-24,2022-01-11T21:01:35.175497Z,2022-01-12T16:00:00Z,2022-02-20T23:00:00Z,2022-02-19,Wyoming
9342,0.6,12.250452602495102,2022-01-24,2022-01-11T21:01:35.175497Z,2022-01-12T16:00:00Z,2022-02-20T23:00:00Z,2022-02-19,Wyoming
9342,0.65,14.309592160757509,2022-01-24,2022-01-11T21:01:35.175497Z,2022-01-12T16:00:00Z,2022-02-20T23:00:00Z,2022-02-19,Wyoming
9342,0.7,16.652606967504404,2022-01-24,2022-01-11T21:01:35.175497Z,2022-01-12T16:00:00Z,2022-02-20T23:00:00Z,2022-02-19,Wyoming
9342,0.75,19.449848504445896,2022-01-24,2022-01-11T21:01:35.175497Z,2022-01-12T16:00:00Z,2022-02-20T23:00:00Z,2022-02-19,Wyoming
9342,0.8,22.96841335692204,2022-01-24,2022-01-11T21:01:35.175497Z,2022-01-12T16:00:00Z,2022-02-20T23:00:00Z,2022-02-19,Wyoming
9342,0.85,27.697630331860722,2022-01-24,2022-01-11T21:01:35.175497Z,2022-01-12T16:00:00Z,2022-02-20T23:00:00Z,2022-02-19,Wyoming
9342,0.9,35.10579440154325,2022-01-24,2022-01-11T21:01:35.175497Z,2022-01-12T16:00:00Z,2022-02-20T23:00:00Z,2022-02-19,Wyoming
9342,0.95,52.603261379880834,2022-01-24,2022-01-11T21:01:35.175497Z,2022-01-12T16:00:00Z,2022-02-20T23:00:00Z,2022-02-19,Wyoming
9342,0.975,80.67974584094947,2022-01-24,2022-01-11T21:01:35.175497Z,2022-01-12T16:00:00Z,2022-02-20T23:00:00Z,2022-02-19,Wyoming
9342,0.99,139.58454874505017,2022-01-24,2022-01-11T21:01:35.175497Z,2022-01-12T16:00:00Z,2022-02-20T23:00:00Z,2022-02-19,Wyoming
